;DateTime;Speed;FuelRate;gps_Lat;gps_Long;Duration;DeltaDistance;Acc;DayOfWeek;Seg;Acc2
400;2018-11-10 04:02:29;37.453125;5.699999809;45.54439163;-73.64994049;1.0;10.403645833333334;-0.1475694444444444;5;1.0;0.0217767409336419
401;2018-11-10 04:02:30;36.796875;8.399999618999999;45.54434204;-73.64984131;1.0;10.221354166666666;-0.1822916666666666;5;1.0;0.0332302517361111
402;2018-11-10 04:02:31;36.5625;6.349999905;45.54427719;-73.64977264;1.0;10.15625;-0.0651041666666666;5;1.0;0.0042385525173611
403;2018-11-10 04:02:32;36.21875;12.75;45.54424667;-73.64962006;1.0;10.06076388888889;-0.0954861111111111;5;1.0;0.0091175974151234
404;2018-11-10 04:02:33;36.53125;24.20000076;45.54423904;-73.6494751;1.0;10.147569444444445;0.0868055555555555;5;1.0;0.0075352044753086
405;2018-11-10 04:02:34;37.296875;22.0;45.54418945;-73.64933777;1.0;10.360243055555555;0.2126736111111111;5;1.0;0.0452300648630401
406;2018-11-10 04:02:35;37.6875;24.20000076;45.5441246;-73.64923096;1.0;10.46875;0.1085069444444444;5;1.0;0.0117737569926697
407;2018-11-10 04:02:36;38.3125;22.79999924;45.54405594;-73.64910889;1.0;10.64236111111111;0.1736111111111111;5;1.0;0.0301408179012345
408;2018-11-10 04:02:37;38.0625;5.3000001910000005;45.54399109;-73.64900208;1.0;10.572916666666666;-0.0694444444444444;5;1.0;0.0048225308641975
409;2018-11-10 04:02:38;37.0;0.0;45.5439949;-73.64886475;1.0;10.277777777777777;-0.2951388888888889;5;1.0;0.0871069637345679
410;2018-11-10 04:02:39;34.671875;0.0;45.54399109;-73.64871979;1.0;9.63107638888889;-0.6467013888888888;5;1.0;0.4182226863908178
411;2018-11-10 04:02:40;28.125;0.0;45.54395676;-73.64859009;1.0;7.8125;-1.8185763888888888;5;1.0;3.307220082224151
412;2018-11-10 04:02:41;21.78125;0.0;45.54391098;-73.64850616;1.0;6.050347222222222;-1.7621527777777777;5;1.0;3.105182412229938
413;2018-11-10 04:02:42;16.265625;0.0;45.5438652;-73.6484375;1.0;4.518229166666667;-1.5321180555555556;5;1.0;2.3473857361593367
414;2018-11-10 04:02:43;12.25;0.0;45.5437851;-73.64839935;1.0;3.4027777777777777;-1.1154513888888888;5;1.0;1.244231800974151
415;2018-11-10 04:02:44;10.265625;4.400000095;45.54375839;-73.64835358;1.0;2.8515625;-0.5512152777777778;5;1.0;0.3038382824556327
416;2018-11-10 04:02:45;8.296875;6.949999809;45.54371262;-73.64833069;1.0;2.3046875;-0.546875;5;1.0;0.299072265625
417;2018-11-10 04:02:46;4.390625;6.5;45.54375076;-73.64826965;1.0;1.2196180555555556;-1.0850694444444444;5;1.0;1.1773756992669753
418;2018-11-10 04:02:47;1.015625;9.050000191;45.54375839;-73.64823151;1.0;0.2821180555555555;-0.9375;5;1.0;0.87890625
419;2018-11-10 04:02:48;0.046875;8.699999809;45.54376984;-73.64820862;1.0;0.0130208333333333;-0.2690972222222222;5;1.0;0.072413315007716
420;2018-11-10 04:02:49;0.0;8.600000381000001;45.54376984;-73.64819336;1.0;0.0;-0.0130208333333333;5;1.0;0.0001695421006944
421;2018-11-10 04:02:50;0.28125;11.19999981;45.54377365;-73.64819336;1.0;0.078125;0.078125;5;1.0;0.006103515625
422;2018-11-10 04:02:51;2.328125;10.75;45.54376984;-73.64820099;1.0;0.6467013888888888;0.5685763888888888;5;1.0;0.3232791100019289
423;2018-11-10 04:02:52;4.5625;15.25;45.54376984;-73.64820099;1.0;1.2673611111111112;0.6206597222222222;5;1.0;0.385218490788966
424;2018-11-10 04:02:53;7.28125;21.35000038;45.54376984;-73.64820099;1.0;2.022569444444444;0.7552083333333333;5;1.0;0.570339626736111
425;2018-11-10 04:02:54;10.296875;32.65000153;45.54376984;-73.64820099;1.0;2.860243055555556;0.837673611111111;5;1.0;0.7016970787519289
426;2018-11-10 04:02:55;14.328125;32.09999847;45.54376984;-73.64819336;1.0;3.9800347222222223;1.1197916666666667;5;1.0;1.2539333767361114
427;2018-11-10 04:02:56;18.5;39.34999847;45.54375839;-73.64816284;1.0;5.138888888888888;1.1588541666666667;5;1.0;1.3429429796006946
428;2018-11-10 04:02:57;22.40625;49.40000153;45.54374313;-73.64812469;1.0;6.223958333333333;1.0850694444444444;5;1.0;1.1773756992669753
429;2018-11-10 04:02:58;25.78125;41.95000076;45.54372406;-73.64808655;1.0;7.161458333333333;0.9375;5;1.0;0.87890625
430;2018-11-10 04:02:59;29.109375;50.79999924;45.54370117;-73.64802551;1.0;8.0859375;0.9244791666666666;5;1.0;0.8546617296006944
431;2018-11-10 04:03:00;32.0625;51.79999924;45.54367828;-73.64795685;1.0;8.90625;0.8203125;5;1.0;0.67291259765625
432;2018-11-10 04:03:01;34.109375;39.0;45.54364777;-73.64787292;1.0;9.47482638888889;0.5685763888888888;5;1.0;0.3232791100019289
433;2018-11-10 04:03:02;36.015625;37.59999847;45.54361725;-73.64777374;1.0;10.004340277777777;0.5295138888888888;5;1.0;0.2803849585262345
434;2018-11-10 04:03:03;37.5;32.04999924;45.54358673;-73.64767456;1.0;10.416666666666666;0.4123263888888889;5;1.0;0.1700130509741512
435;2018-11-10 04:03:04;38.828125;33.0;45.54354477;-73.64756012;1.0;10.785590277777777;0.3689236111111111;5;1.0;0.1361046308352623
436;2018-11-10 04:03:05;39.703125;30.85000038;45.54351044;-73.64743805;1.0;11.028645833333334;0.2430555555555555;5;1.0;0.0590760030864197
437;2018-11-10 04:03:06;40.5625;30.5;45.54346848;-73.64731598;1.0;11.26736111111111;0.2387152777777777;5;1.0;0.0569849838445215
15757;2018-11-10 09:10:58;14.40625;58.15000153;45.57531738;-73.65577698;1.0;4.001736111111111;1.0850694444444444;5;339.0;1.1773756992669753
15758;2018-11-10 09:10:59;17.71875;36.15000153;45.57531357;-73.65578461;1.0;4.921875;0.9201388888888888;5;339.0;0.8466555748456789
15759;2018-11-10 09:11:00;21.484375;49.40000153;45.57527924;-73.65579224;1.0;5.967881944444445;1.0460069444444444;5;339.0;1.094130527826003
15760;2018-11-10 09:11:01;24.671875;39.79999924;45.57522202;-73.65583801;1.0;6.853298611111111;0.8854166666666666;5;339.0;0.783962673611111
15761;2018-11-10 09:11:02;27.8125;43.75;45.57518768;-73.65584564;1.0;7.725694444444445;0.8723958333333333;5;339.0;0.7610744900173609
15762;2018-11-10 09:11:03;30.78125;58.65000153;45.57513046;-73.65588379;1.0;8.550347222222221;0.8246527777777778;5;339.0;0.6800522038966049
15763;2018-11-10 09:11:04;33.640625;56.40000153;45.5750618;-73.65598297;1.0;9.344618055555555;0.7942708333333333;5;339.0;0.6308661566840277
15764;2018-11-10 09:11:05;35.71875;39.34999847;45.57500458;-73.65605164;1.0;9.921875;0.5772569444444444;5;339.0;0.3332255799093364
15765;2018-11-10 09:11:06;37.890625;50.90000153;45.57493591;-73.65612793;1.0;10.52517361111111;0.603298611111111;5;339.0;0.3639692141685956
15766;2018-11-10 09:11:07;39.96875;51.40000153;45.57485962;-73.65617371;1.0;11.102430555555555;0.5772569444444444;5;339.0;0.3332255799093364
15767;2018-11-10 09:11:08;41.90625;58.70000076;45.5747757;-73.65621185;1.0;11.640625;0.5381944444444444;5;339.0;0.2896532600308641
15768;2018-11-10 09:11:09;43.46875;38.09999847;45.57468414;-73.65625;1.0;12.074652777777777;0.4340277777777778;5;339.0;0.188380111882716
15769;2018-11-10 09:11:10;43.90625;18.39999962;45.57458878;-73.65631104;1.0;12.196180555555555;0.1215277777777777;5;339.0;0.0147690007716049
15770;2018-11-10 09:11:11;44.796875;30.5;45.57448578;-73.65637207;1.0;12.44357638888889;0.2473958333333333;5;339.0;0.0612046983506944
15771;2018-11-10 09:11:12;44.5;0.0;45.5743866;-73.65644073;1.0;12.36111111111111;-0.0824652777777777;5;339.0;0.006800522038966
15772;2018-11-10 09:11:13;43.046875;9.75;45.5742836;-73.65650177;1.0;11.957465277777777;-0.4036458333333333;5;339.0;0.1629299587673611
15773;2018-11-10 09:11:14;42.75;21.29999924;45.5741806;-73.65656281;1.0;11.875;-0.0824652777777777;5;339.0;0.006800522038966
15774;2018-11-10 09:11:15;42.234375;20.54999924;45.57408142;-73.65663147;1.0;11.731770833333334;-0.1432291666666666;5;339.0;0.0205145941840277
15775;2018-11-10 09:11:16;42.59375;38.84999847;45.57396317;-73.65667725;1.0;11.83159722222222;0.0998263888888888;5;339.0;0.0099653079185956
15776;2018-11-10 09:11:17;42.421875;12.75;45.5738678;-73.65673828;1.0;11.783854166666666;-0.0477430555555555;5;339.0;0.0022793993537808
15777;2018-11-10 09:11:18;42.15625;0.0;45.5737648;-73.65679169;1.0;11.710069444444445;-0.0737847222222222;5;339.0;0.0054441852334104
15778;2018-11-10 09:11:19;41.21875;0.0;45.57366943;-73.65684509;1.0;11.449652777777777;-0.2604166666666667;5;339.0;0.0678168402777777
15779;2018-11-10 09:11:20;39.0625;0.0;45.57356644;-73.6568985;1.0;10.850694444444445;-0.5989583333333334;5;339.0;0.3587510850694445
15780;2018-11-10 09:11:21;33.234375;0.0;45.57347107;-73.6569519;1.0;9.231770833333334;-1.6189236111111112;5;339.0;2.6209136586130404
15781;2018-11-10 09:11:22;26.609375;0.0;45.57338715;-73.65699005;1.0;7.391493055555555;-1.8402777777777777;5;339.0;3.3866222993827155
11854;2018-11-10 14:26:44;26.78125;43.29999924;45.54082489;-73.69572449;1.0;7.439236111111111;0.9592013888888888;5;618.0;0.9200673044463734
11855;2018-11-10 14:26:45;28.59375;23.75;45.54082108;-73.69579315;1.0;7.942708333333333;0.5034722222222222;5;618.0;0.2534842785493827
11856;2018-11-10 14:26:46;28.25;5.699999809;45.54085159;-73.69595337;1.0;7.847222222222222;-0.0954861111111111;5;618.0;0.0091175974151234
11857;2018-11-10 14:26:47;27.125;5.599999905;45.54085159;-73.69595337;1.0;7.534722222222222;-0.3125;5;618.0;0.09765625
11858;2018-11-10 14:26:48;25.9375;9.649999619;45.54088211;-73.69604492;1.0;7.204861111111111;-0.3298611111111111;5;618.0;0.1088083526234567
11859;2018-11-10 14:26:49;25.921875;14.10000038;45.54093933;-73.69622803;1.0;7.200520833333333;-0.0043402777777777;5;618.0;1.8838011188271607e-05
11860;2018-11-10 14:26:50;26.15625;16.29999924;45.54093933;-73.69622803;1.0;7.265625;0.0651041666666666;5;618.0;0.0042385525173611
11861;2018-11-10 14:26:51;26.734375;20.89999962;45.54096985;-73.69631195;1.0;7.426215277777778;0.1605902777777777;5;618.0;0.0257892373167438
11862;2018-11-10 14:26:52;27.65625;26.45000076;45.54099274;-73.69639587;1.0;7.682291666666666;0.2560763888888889;5;618.0;0.0655751169463734
11863;2018-11-10 14:26:53;28.203125;10.05000019;45.54101944;-73.69647217;1.0;7.834201388888888;0.1519097222222222;5;618.0;0.0230765637056327
11864;2018-11-10 14:26:54;28.375;8.300000191;45.54104996;-73.69655609;1.0;7.881944444444445;0.0477430555555555;5;618.0;0.0022793993537808
11865;2018-11-10 14:26:55;28.234375;8.600000381000001;45.54108047;-73.69664001;1.0;7.842881944444445;-0.0390625;5;618.0;0.00152587890625
11866;2018-11-10 14:26:56;27.625;8.699999809;45.54111862;-73.69672394;1.0;7.673611111111111;-0.1692708333333333;5;618.0;0.0286526150173611
11867;2018-11-10 14:26:57;27.21875;11.39999962;45.54117584;-73.69690704;1.0;7.560763888888888;-0.1128472222222222;5;618.0;0.0127344955632716
11868;2018-11-10 14:26:58;27.28125;15.75;45.54117584;-73.69690704;1.0;7.578125;0.0173611111111111;5;618.0;0.0003014081790123
11869;2018-11-10 14:26:59;27.765625;19.54999924;45.54120255;-73.6969986;1.0;7.712673611111111;0.1345486111111111;5;618.0;0.018103328751929
11870;2018-11-10 14:27:00;27.78125;9.550000191;45.54122925;-73.69709015;1.0;7.717013888888888;0.0043402777777777;5;618.0;1.8838011188271607e-05
11871;2018-11-10 14:27:01;27.34375;8.0;45.54128647;-73.697258;1.0;7.595486111111111;-0.1215277777777777;5;618.0;0.0147690007716049
11872;2018-11-10 14:27:02;26.5;3.400000095;45.54128647;-73.697258;1.0;7.361111111111111;-0.234375;5;618.0;0.054931640625
11873;2018-11-10 14:27:03;25.5625;4.8000001910000005;45.54131317;-73.69734955;1.0;7.100694444444445;-0.2604166666666667;5;618.0;0.0678168402777777
11874;2018-11-10 14:27:04;25.078125;9.300000191;45.54134369;-73.6974411;1.0;6.966145833333333;-0.1345486111111111;5;618.0;0.018103328751929
11875;2018-11-10 14:27:05;24.78125;10.75;45.54138184;-73.69750977;1.0;6.883680555555555;-0.0824652777777777;5;618.0;0.006800522038966
11876;2018-11-10 14:27:06;24.265625;5.349999905;45.54143143;-73.69756317;1.0;6.740451388888888;-0.1432291666666666;5;618.0;0.0205145941840277
11877;2018-11-10 14:27:07;23.5625;4.099999905;45.54148483;-73.69761658;1.0;6.545138888888888;-0.1953125;5;618.0;0.03814697265625
11878;2018-11-10 14:27:08;22.515625;0.25;45.54153061;-73.69777679;1.0;6.254340277777778;-0.2907986111111111;5;618.0;0.0845638322241512
11879;2018-11-10 14:27:09;21.109375;0.0;45.54153061;-73.69777679;1.0;5.863715277777778;-0.390625;5;618.0;0.152587890625
11880;2018-11-10 14:27:10;18.828125;0.0;45.54154587;-73.69786835;1.0;5.230034722222222;-0.6336805555555556;5;618.0;0.4015510464891975
11881;2018-11-10 14:27:11;14.296875;0.0;45.54155731;-73.69794464;1.0;3.9713541666666665;-1.2586805555555556;5;618.0;1.584276740933642
11882;2018-11-10 14:27:12;10.984375;1.899999976;45.5415802;-73.69800568;1.0;3.0512152777777777;-0.9201388888888888;5;618.0;0.8466555748456789
11883;2018-11-10 14:27:13;8.59375;4.900000095;45.54159546;-73.69805908;1.0;2.3871527777777777;-0.6640625;5;618.0;0.44097900390625
11884;2018-11-10 14:27:14;4.34375;3.700000048;45.54162216;-73.69809723;1.0;1.206597222222222;-1.1805555555555556;5;618.0;1.3937114197530864
11885;2018-11-10 14:27:15;1.015625;5.0500001910000005;45.54165649;-73.69816589;1.0;0.2821180555555555;-0.9244791666666666;5;618.0;0.8546617296006944
11886;2018-11-10 14:27:16;0.03125;5.449999809;45.54165649;-73.69816589;1.0;0.0086805555555555;-0.2734375;5;618.0;0.07476806640625
11887;2018-11-10 14:27:17;0.0;5.5;45.54167557;-73.69818115;1.0;0.0;-0.0086805555555555;5;618.0;7.535204475308643e-05
11888;2018-11-10 14:27:18;0.0;5.400000095;45.5416832;-73.69820404;1.0;0.0;0.0;5;618.0;0.0
11889;2018-11-10 14:27:19;0.0;4.8000001910000005;45.5416832;-73.69820404;1.0;0.0;0.0;5;618.0;0.0
11890;2018-11-10 14:27:20;0.0;5.349999905;45.54168701;-73.6982193;1.0;0.0;0.0;5;618.0;0.0
11891;2018-11-10 14:27:21;0.203125;5.400000095;45.54167938;-73.69823456;1.0;0.0564236111111111;0.0564236111111111;5;618.0;0.0031836238908179
11892;2018-11-10 14:27:22;2.9375;19.29999924;45.54167938;-73.69823456;1.0;0.8159722222222222;0.759548611111111;5;618.0;0.5769140926408178
11893;2018-11-10 14:27:23;7.484375;22.54999924;45.54167938;-73.69823456;1.0;2.078993055555556;1.2630208333333333;5;618.0;1.5952216254340277
11894;2018-11-10 14:27:24;11.1875;34.59999847;45.54167938;-73.69823456;1.0;3.107638888888889;1.0286458333333333;5;618.0;1.0581122504340277
11895;2018-11-10 14:27:25;14.328125;26.39999962;45.54167938;-73.69823456;1.0;3.9800347222222223;0.8723958333333333;5;618.0;0.7610744900173609
11896;2018-11-10 14:27:26;17.859375;38.45000076;45.5416832;-73.69824219;1.0;4.9609375;0.9809027777777778;5;618.0;0.9621702594521604
11897;2018-11-10 14:27:27;21.4375;50.59999847;45.5417099;-73.69831848;1.0;5.954861111111111;0.993923611111111;5;618.0;0.9878841447241512
11898;2018-11-10 14:27:28;24.984375;41.79999924;45.5417099;-73.69831848;1.0;6.940104166666666;0.9852430555555556;5;618.0;0.9707038785204476
11899;2018-11-10 14:27:29;28.875;50.84999847;45.54174042;-73.69835663;1.0;8.020833333333334;1.0807291666666667;5;618.0;1.167975531684028
11900;2018-11-10 14:27:30;31.734375;31.39999962;45.54177094;-73.69841003;1.0;8.815104166666666;0.7942708333333333;5;618.0;0.6308661566840277
435;2018-11-10 11:04:29;34.1875;6.949999809;45.6131134;-73.62265015;1.0;9.496527777777777;-0.3472222222222222;5;444.0;0.1205632716049382
436;2018-11-10 11:04:30;33.34375;9.399999619;45.61306;-73.62275696;1.0;9.262152777777777;-0.234375;5;444.0;0.054931640625
437;2018-11-10 11:04:31;33.0625;0.9499999881;45.61300659;-73.62285614;1.0;9.184027777777777;-0.078125;5;444.0;0.006103515625
438;2018-11-10 11:04:32;32.640625;10.19999981;45.61294937;-73.62296295;1.0;9.066840277777777;-0.1171875;5;444.0;0.01373291015625
439;2018-11-10 11:04:33;33.0;23.35000038;45.61289215;-73.62304688;1.0;9.166666666666666;0.0998263888888888;5;444.0;0.0099653079185956
440;2018-11-10 11:04:34;33.8125;10.25;45.61285019;-73.62313843;1.0;9.39236111111111;0.2256944444444444;5;444.0;0.0509379822530864
441;2018-11-10 11:04:35;34.078125;6.900000095;45.61279297;-73.62322998;1.0;9.466145833333334;0.0737847222222222;5;444.0;0.0054441852334104
442;2018-11-10 11:04:36;34.171875;7.349999905;45.61273575;-73.62332153;1.0;9.4921875;0.0260416666666666;5;444.0;0.0006781684027777
443;2018-11-10 11:04:37;34.4375;11.60000038;45.61268234;-73.62341309;1.0;9.56597222222222;0.0737847222222222;5;444.0;0.0054441852334104
444;2018-11-10 11:04:38;34.140625;0.0;45.61262894;-73.62350464;1.0;9.483506944444445;-0.0824652777777777;5;444.0;0.006800522038966
445;2018-11-10 11:04:39;32.578125;0.0;45.61257935;-73.62359619;1.0;9.049479166666666;-0.4340277777777778;5;444.0;0.188380111882716
446;2018-11-10 11:04:40;29.984375;1.7999999519999998;45.61252594;-73.62369537;1.0;8.328993055555555;-0.720486111111111;5;444.0;0.5191002363040123
447;2018-11-10 11:04:41;28.828125;0.0;45.61247253;-73.62379456;1.0;8.0078125;-0.3211805555555555;5;444.0;0.1031569492669752
448;2018-11-10 11:04:42;26.9375;0.0;45.61242294;-73.62388611;1.0;7.482638888888888;-0.525173611111111;5;444.0;0.2758073218074845
449;2018-11-10 11:04:43;24.328125;0.0;45.61238861;-73.62398529;1.0;6.7578125;-0.7248263888888888;5;444.0;0.5253732940297067
450;2018-11-10 11:04:44;20.796875;0.0;45.61235809;-73.62405396;1.0;5.776909722222222;-0.9809027777777778;5;444.0;0.9621702594521604
451;2018-11-10 11:04:45;17.25;0.0;45.61231995;-73.62413025;1.0;4.791666666666667;-0.9852430555555556;5;444.0;0.9707038785204476
452;2018-11-10 11:04:46;14.46875;0.0;45.61230087;-73.62419128;1.0;4.019097222222222;-0.7725694444444444;5;444.0;0.5968635464891975
453;2018-11-10 11:04:47;11.71875;0.0;45.61229324;-73.62424469;1.0;3.255208333333333;-0.7638888888888888;5;444.0;0.5835262345679012
454;2018-11-10 11:04:48;8.296875;4.400000095;45.61228561;-73.62429047;1.0;2.3046875;-0.9505208333333331;5;444.0;0.9034898546006944
455;2018-11-10 11:04:49;4.828125;3.799999952;45.61226273;-73.62432861;1.0;1.3411458333333333;-0.9635416666666666;5;444.0;0.9284125434027776
456;2018-11-10 11:04:50;1.40625;5.150000095;45.61224747;-73.6243515;1.0;0.390625;-0.9505208333333331;5;444.0;0.9034898546006944
457;2018-11-10 11:04:51;2.734375;13.0;45.61222839;-73.62438965;1.0;0.759548611111111;0.3689236111111111;5;444.0;0.1361046308352623
458;2018-11-10 11:04:52;6.125;14.25;45.61222458;-73.62440491;1.0;1.7013888888888888;0.9418402777777778;5;444.0;0.8870631088445217
459;2018-11-10 11:04:53;7.953125;23.35000038;45.61222076;-73.62442017;1.0;2.209201388888889;0.5078125;5;444.0;0.25787353515625
460;2018-11-10 11:04:54;11.0;29.35000038;45.61221313;-73.6244278;1.0;3.055555555555556;0.8463541666666666;5;444.0;0.7163153754340277
461;2018-11-10 11:04:55;14.71875;46.15000153;45.61220932;-73.62445068;1.0;4.088541666666667;1.0329861111111112;5;444.0;1.067060305748457
462;2018-11-10 11:04:56;16.828125;27.45000076;45.61219406;-73.62447357;1.0;4.674479166666667;0.5859375;5;444.0;0.34332275390625
463;2018-11-10 11:04:57;19.65625;23.79999924;45.61216736;-73.62449646;1.0;5.460069444444445;0.7855902777777778;5;444.0;0.6171520845389661
464;2018-11-10 11:04:58;21.515625;10.89999962;45.61214828;-73.62453461;1.0;5.9765625;0.5164930555555556;5;444.0;0.2667650764371142
465;2018-11-10 11:04:59;20.953125;0.0;45.61212158;-73.62458038;1.0;5.8203125;-0.15625;5;444.0;0.0244140625
466;2018-11-10 11:05:00;19.203125;0.0;45.61209106;-73.62463379;1.0;5.334201388888888;-0.4861111111111111;5;444.0;0.236304012345679
467;2018-11-10 11:05:01;16.28125;0.0;45.61206436;-73.62469482;1.0;4.522569444444445;-0.8116319444444444;5;444.0;0.6587464132426697
468;2018-11-10 11:05:02;14.421875;0.0;45.61204529;-73.62475586;1.0;4.006076388888888;-0.5164930555555556;5;444.0;0.2667650764371142
469;2018-11-10 11:05:03;14.125;8.550000191;45.6120224;-73.62480927;1.0;3.923611111111111;-0.0824652777777777;5;444.0;0.006800522038966
470;2018-11-10 11:05:04;14.890625;9.100000381;45.61199188;-73.6248703;1.0;4.136284722222222;0.2126736111111111;5;444.0;0.0452300648630401
471;2018-11-10 11:05:05;16.328125;18.35000038;45.61196899;-73.62490845;1.0;4.535590277777778;0.3993055555555555;5;444.0;0.1594449266975308
472;2018-11-10 11:05:06;18.0625;22.5;45.61194611;-73.62494659;1.0;5.017361111111111;0.4817708333333333;5;444.0;0.2321031358506944
473;2018-11-10 11:05:07;19.421875;20.29999924;45.61193085;-73.62499237;1.0;5.394965277777778;0.3776041666666666;5;444.0;0.1425849066840277
474;2018-11-10 11:05:08;20.90625;20.45000076;45.61190033;-73.62503815;1.0;5.807291666666667;0.4123263888888889;5;444.0;0.1700130509741512
475;2018-11-10 11:05:09;23.21875;35.15000153;45.61186981;-73.62509155;1.0;6.449652777777778;0.642361111111111;5;444.0;0.4126277970679011
476;2018-11-10 11:05:10;26.125;39.0;45.61185455;-73.62515259;1.0;7.256944444444445;0.8072916666666666;5;444.0;0.6517198350694444
477;2018-11-10 11:05:11;29.078125;40.5;45.61180878;-73.62521362;1.0;8.077256944444445;0.8203125;5;444.0;0.67291259765625
8599;2018-11-10 13:32:29;33.140625;8.300000191;45.61303329;-73.62280273;1.0;9.205729166666666;0.0390625;5;571.0;0.00152587890625
8600;2018-11-10 13:32:30;33.328125;9.850000381;45.6129837;-73.62290192;1.0;9.2578125;0.0520833333333333;5;571.0;0.0027126736111111
8601;2018-11-10 13:32:31;33.640625;13.80000019;45.6129303;-73.62299347;1.0;9.344618055555555;0.0868055555555555;5;571.0;0.0075352044753086
8602;2018-11-10 13:32:32;34.515625;13.64999962;45.61288452;-73.62308502;1.0;9.58767361111111;0.2430555555555555;5;571.0;0.0590760030864197
8603;2018-11-10 13:32:33;34.984375;12.35000038;45.61283875;-73.6231842;1.0;9.717881944444445;0.1302083333333333;5;571.0;0.0169542100694444
8604;2018-11-10 13:32:34;34.96875;5.0500001910000005;45.61279678;-73.62328339;1.0;9.713541666666666;-0.0043402777777777;5;571.0;1.8838011188271607e-05
8605;2018-11-10 13:32:35;34.8125;4.099999905;45.61274719;-73.62338257;1.0;9.67013888888889;-0.0434027777777777;5;571.0;0.0018838011188271
8606;2018-11-10 13:32:36;34.515625;6.099999905;45.61270142;-73.62348175;1.0;9.58767361111111;-0.0824652777777777;5;571.0;0.006800522038966
8607;2018-11-10 13:32:37;34.296875;3.450000048;45.61265182;-73.62358093;1.0;9.52690972222222;-0.0607638888888888;5;571.0;0.0036922501929012
8608;2018-11-10 13:32:38;34.015625;5.599999905;45.61260223;-73.62368011;1.0;9.44878472222222;-0.078125;5;571.0;0.006103515625
8609;2018-11-10 13:32:39;33.5625;4.099999905;45.61256027;-73.6237793;1.0;9.322916666666666;-0.1258680555555555;5;571.0;0.0158427674093364
8610;2018-11-10 13:32:40;33.109375;4.0;45.61248398;-73.62386322;1.0;9.19704861111111;-0.1258680555555555;5;571.0;0.0158427674093364
8611;2018-11-10 13:32:41;32.59375;0.8500000238;45.61243057;-73.62394714;1.0;9.053819444444445;-0.1432291666666666;5;571.0;0.0205145941840277
8612;2018-11-10 13:32:42;32.1875;2.450000048;45.61237717;-73.62404633;1.0;8.940972222222221;-0.1128472222222222;5;571.0;0.0127344955632716
8613;2018-11-10 13:32:43;31.640625;1.100000024;45.61233139;-73.62413788;1.0;8.7890625;-0.1519097222222222;5;571.0;0.0230765637056327
8614;2018-11-10 13:32:44;30.859375;0.8000000119;45.61229324;-73.62423706;1.0;8.57204861111111;-0.2170138888888889;5;571.0;0.047095027970679
8615;2018-11-10 13:32:45;29.484375;0.8999999762;45.61224747;-73.62432098;1.0;8.190104166666666;-0.3819444444444444;5;571.0;0.1458815586419753
8616;2018-11-10 13:32:46;28.375;0.0;45.61220169;-73.62440491;1.0;7.881944444444445;-0.3081597222222222;5;571.0;0.0949624144000771
8617;2018-11-10 13:32:47;26.4375;0.0;45.6121788;-73.62454224;1.0;7.34375;-0.5381944444444444;5;571.0;0.2896532600308641
8618;2018-11-10 13:32:48;22.171875;0.0;45.61214066;-73.62463379;1.0;6.158854166666666;-1.1848958333333333;5;571.0;1.4039781358506942
8619;2018-11-10 13:32:49;16.125;0.0;45.61209106;-73.62472534;1.0;4.479166666666667;-1.6796875;5;571.0;2.82135009765625
8620;2018-11-10 13:32:50;10.0625;4.849999905;45.61203766;-73.62480164;1.0;2.795138888888889;-1.6840277777777777;5;571.0;2.83594955632716
8621;2018-11-10 13:32:51;4.4375;3.900000095;45.61199188;-73.62485504;1.0;1.2326388888888888;-1.5625;5;571.0;2.44140625
8622;2018-11-10 13:32:52;0.296875;5.3000001910000005;45.61196518;-73.62489319;1.0;0.0824652777777777;-1.1501736111111112;5;571.0;1.3228993356963736
8623;2018-11-10 13:32:53;0.015625;7.25;45.61196136;-73.62492371;1.0;0.0043402777777777;-0.078125;5;571.0;0.006103515625
8624;2018-11-10 13:32:54;0.0;5.5;45.61196136;-73.62493896;1.0;0.0;-0.0043402777777777;5;571.0;1.8838011188271607e-05
8625;2018-11-10 13:32:55;0.0;7.199999809;45.61195374;-73.62494659;1.0;0.0;0.0;5;571.0;0.0
8626;2018-11-10 13:32:56;0.0;6.25;45.61195755;-73.62494659;1.0;0.0;0.0;5;571.0;0.0
8627;2018-11-10 13:32:57;0.0;4.0;45.61196136;-73.62494659;1.0;0.0;0.0;5;571.0;0.0
8628;2018-11-10 13:32:58;0.0;4.5500001910000005;45.61196136;-73.62494659;1.0;0.0;0.0;5;571.0;0.0
8629;2018-11-10 13:32:59;0.0;3.099999905;45.61196136;-73.62494659;1.0;0.0;0.0;5;571.0;0.0
8630;2018-11-10 13:33:00;0.0;4.0;45.61196136;-73.62494659;1.0;0.0;0.0;5;571.0;0.0
8631;2018-11-10 13:33:01;0.0;4.0;45.61196136;-73.62494659;1.0;0.0;0.0;5;571.0;0.0
8632;2018-11-10 13:33:02;0.0;4.0;45.61196136;-73.62494659;1.0;0.0;0.0;5;571.0;0.0
8633;2018-11-10 13:33:03;0.0;4.0;45.61196136;-73.62494659;1.0;0.0;0.0;5;571.0;0.0
8634;2018-11-10 13:33:04;0.0;4.0;45.61196136;-73.62494659;1.0;0.0;0.0;5;571.0;0.0
8635;2018-11-10 13:33:05;0.0;4.0500001910000005;45.61196136;-73.62494659;1.0;0.0;0.0;5;571.0;0.0
8636;2018-11-10 13:33:06;0.0;4.0;45.61196136;-73.62494659;1.0;0.0;0.0;5;571.0;0.0
8637;2018-11-10 13:33:07;0.0;4.0;45.61196136;-73.62494659;1.0;0.0;0.0;5;571.0;0.0
8638;2018-11-10 13:33:08;0.0;4.0;45.61196136;-73.62494659;1.0;0.0;0.0;5;571.0;0.0
8639;2018-11-10 13:33:09;0.0;4.0;45.61196136;-73.62494659;1.0;0.0;0.0;5;571.0;0.0
8640;2018-11-10 13:33:10;0.0;4.0;45.61196136;-73.62494659;1.0;0.0;0.0;5;571.0;0.0
8641;2018-11-10 13:33:11;0.0;4.0500001910000005;45.61196136;-73.62494659;1.0;0.0;0.0;5;571.0;0.0
8642;2018-11-10 13:33:12;0.0;4.099999905;45.61196136;-73.62494659;1.0;0.0;0.0;5;571.0;0.0
8643;2018-11-10 13:33:13;0.0;4.0500001910000005;45.61196136;-73.62494659;1.0;0.0;0.0;5;571.0;0.0
8644;2018-11-10 13:33:14;0.0;4.099999905;45.61196136;-73.62494659;1.0;0.0;0.0;5;571.0;0.0
8645;2018-11-10 13:33:15;0.0;4.099999905;45.61196136;-73.62494659;1.0;0.0;0.0;5;571.0;0.0
8646;2018-11-10 13:33:16;0.0;4.099999905;45.61196518;-73.62494659;1.0;0.0;0.0;5;571.0;0.0
8647;2018-11-10 13:33:17;0.0;4.0500001910000005;45.61196518;-73.62494659;1.0;0.0;0.0;5;571.0;0.0
8648;2018-11-10 13:33:18;0.0;4.0500001910000005;45.61196518;-73.62494659;1.0;0.0;0.0;5;571.0;0.0
8649;2018-11-10 13:33:19;0.0;4.0500001910000005;45.61196518;-73.62494659;1.0;0.0;0.0;5;571.0;0.0
8650;2018-11-10 13:33:20;0.0;4.099999905;45.61196518;-73.62494659;1.0;0.0;0.0;5;571.0;0.0
8651;2018-11-10 13:33:21;0.0;4.0500001910000005;45.61196518;-73.62494659;1.0;0.0;0.0;5;571.0;0.0
8652;2018-11-10 13:33:22;0.0;4.0500001910000005;45.61196518;-73.62494659;1.0;0.0;0.0;5;571.0;0.0
8653;2018-11-10 13:33:23;0.0;4.099999905;45.61196518;-73.62494659;1.0;0.0;0.0;5;571.0;0.0
8654;2018-11-10 13:33:24;0.0;4.099999905;45.61196518;-73.62494659;1.0;0.0;0.0;5;571.0;0.0
8655;2018-11-10 13:33:25;0.0;4.0500001910000005;45.61196518;-73.62494659;1.0;0.0;0.0;5;571.0;0.0
8656;2018-11-10 13:33:26;0.0;4.099999905;45.61196518;-73.62494659;1.0;0.0;0.0;5;571.0;0.0
8657;2018-11-10 13:33:27;0.0;4.0500001910000005;45.61196518;-73.62494659;1.0;0.0;0.0;5;571.0;0.0
8658;2018-11-10 13:33:28;0.0;4.0500001910000005;45.61196518;-73.62494659;1.0;0.0;0.0;5;571.0;0.0
8659;2018-11-10 13:33:29;0.0;4.0500001910000005;45.61196518;-73.62494659;1.0;0.0;0.0;5;571.0;0.0
8660;2018-11-10 13:33:30;0.0;4.099999905;45.61196518;-73.62494659;1.0;0.0;0.0;5;571.0;0.0
8661;2018-11-10 13:33:31;0.0;4.099999905;45.61196518;-73.62494659;1.0;0.0;0.0;5;571.0;0.0
8662;2018-11-10 13:33:32;0.0;12.44999981;45.61196518;-73.62494659;1.0;0.0;0.0;5;571.0;0.0
8663;2018-11-10 13:33:33;3.953125;23.14999962;45.61196518;-73.62494659;1.0;1.0980902777777777;1.0980902777777777;5;571.0;1.205802258150077
8664;2018-11-10 13:33:34;8.796875;21.0;45.61196518;-73.62494659;1.0;2.443576388888889;1.3454861111111112;5;571.0;1.810332875192901
8665;2018-11-10 13:33:35;12.375;36.70000076;45.61196518;-73.62494659;1.0;3.4375;0.993923611111111;5;571.0;0.9878841447241512
8666;2018-11-10 13:33:36;15.734375;25.70000076;45.61196518;-73.62494659;1.0;4.370659722222222;0.9331597222222222;5;571.0;0.8707870671778549
8667;2018-11-10 13:33:37;18.9375;30.89999962;45.61196136;-73.62495422;1.0;5.260416666666667;0.8897569444444444;5;571.0;0.7916674201871141
8668;2018-11-10 13:33:38;20.453125;14.60000038;45.61193848;-73.62498474;1.0;5.681423611111111;0.4210069444444444;5;571.0;0.1772468472704475
8669;2018-11-10 13:33:39;21.421875;17.14999962;45.6119194;-73.62502289;1.0;5.950520833333333;0.2690972222222222;5;571.0;0.072413315007716
8670;2018-11-10 13:33:40;22.90625;28.29999924;45.61188889;-73.62507629;1.0;6.362847222222222;0.4123263888888889;5;571.0;0.1700130509741512
8671;2018-11-10 13:33:41;25.40625;37.54999924;45.61185837;-73.62514496;1.0;7.057291666666666;0.6944444444444444;5;571.0;0.482253086419753
8672;2018-11-10 13:33:42;27.796875;19.60000038;45.61182022;-73.62519836;1.0;7.721354166666666;0.6640625;5;571.0;0.44097900390625
8673;2018-11-10 13:33:43;27.921875;4.949999809;45.61177063;-73.62524414;1.0;7.756076388888888;0.0347222222222222;5;571.0;0.0012056327160493
8674;2018-11-10 13:33:44;27.375;4.0500001910000005;45.61171341;-73.62526703;1.0;7.604166666666666;-0.1519097222222222;5;571.0;0.0230765637056327
